<?xml version="1.0" encoding="UTF-8"?>
<typeSystemDescription xmlns="http://uima.apache.org/resourceSpecifier">
  <name>DiscourseMetadata</name>
  <description/>
  <version>1.0</version>
  <vendor/>
  <imports>
    <import name="desc.type.IdPatternMetadata"/>
</imports>
  <types>
    <typeDescription>
      <name>lu.svv.saa.requirements.autofinding.type.DiscourseMetadata</name>
      <description/>
      <supertypeName>uima.tcas.Annotation</supertypeName>
      <features>
        <featureDescription>
          <name>MFFontName</name>
          <description>the MF font type in the document</description>
          <rangeTypeName>uima.cas.String</rangeTypeName>
        </featureDescription>
        <featureDescription>
          <name>MFFontSize</name>
          <description>the MF font size of the document</description>
          <rangeTypeName>uima.cas.String</rangeTypeName>
        </featureDescription>
        <featureDescription>
          <name>MFFontItalic</name>
          <description>the MF italic feature in the document</description>
          <rangeTypeName>uima.cas.Boolean</rangeTypeName>
        </featureDescription>
        <featureDescription>
          <name>MFFontBold</name>
          <description>the MF bold feature in the document</description>
          <rangeTypeName>uima.cas.Boolean</rangeTypeName>
        </featureDescription>
        <featureDescription>
          <name>MFNP</name>
          <description>the MF NP</description>
          <rangeTypeName>uima.cas.String</rangeTypeName>
        </featureDescription>
         <featureDescription>
          <name>MFCategory</name>
          <description>the MFcategory extracted from nouns</description>
          <rangeTypeName>uima.cas.String</rangeTypeName>
        </featureDescription>
        <featureDescription>
          <name>hasIds</name>
          <description>If the document has Ids or not</description>
          <rangeTypeName>uima.cas.Boolean</rangeTypeName>
        </featureDescription>
        <featureDescription>
          <name>idPattern</name>
          <description>the category of the id-pattern frequency compared to the doc: low, med, high</description>
          <rangeTypeName>lu.svv.saa.requirements.autofinding.type.IdPatternMetadata</rangeTypeName>
        </featureDescription>
         <featureDescription>
          <name>MFModal</name>
          <description>the category of the modal verb frequency compared to the doc: low, med, high (for multiple, choose the highest)</description>
          <rangeTypeName>uima.cas.String</rangeTypeName>
        </featureDescription>
      </features>
    </typeDescription>
  </types>
</typeSystemDescription>