<?xml version="1.0" encoding="UTF-8"?>
<typeSystemDescription xmlns="http://uima.apache.org/resourceSpecifier">
  <name>DiscourseFeatures</name>
  <description/>
  <version>1.0</version>
  <vendor/>
  <types>
    <typeDescription>
      <name>lu.svv.saa.requirements.autofinding.type.DiscourseFeatures</name>
      <description/>
      <supertypeName>uima.tcas.Annotation</supertypeName>
      <features>
        <featureDescription>
          <name>matchesMFFontName</name>
          <description>if the sentence font type matches MF font type of the document</description>
          <rangeTypeName>uima.cas.Boolean</rangeTypeName>
        </featureDescription>
        <featureDescription>
          <name>matchesMFFontSize</name>
          <description>if the sentence font size matches MF font size of the document</description>
          <rangeTypeName>uima.cas.Boolean</rangeTypeName>
        </featureDescription>
        <featureDescription>
          <name>matchesMFFontItalic</name>
          <description>if the sentence is italic feature matches MF is italic in the document</description>
          <rangeTypeName>uima.cas.Boolean</rangeTypeName>
        </featureDescription>
        <featureDescription>
          <name>matchesMFFontBold</name>
          <description>if the sentence is bold feature matches MF is bold in the document</description>
          <rangeTypeName>uima.cas.Boolean</rangeTypeName>
        </featureDescription>
        <featureDescription>
          <name>pctMFNP</name>
          <description>if the sentence includes a part of the MF NP, this is the percentage how many of the words from the MF NP are present in the sentence</description>
          <rangeTypeName>uima.cas.Double</rangeTypeName>
        </featureDescription>
        <featureDescription>
          <name>hasMFNP</name>
          <description>if the sentence includes the MF NP</description>
          <rangeTypeName>uima.cas.Boolean</rangeTypeName>
        </featureDescription>
        <featureDescription>
          <name>matchesMFCategory</name>
          <description>if the sentence includes the same category as the MF category</description>
          <rangeTypeName>uima.cas.Boolean</rangeTypeName>
        </featureDescription>
        <featureDescription>
          <name>idPatternFrequency</name>
          <description>the category of the id-pattern frequency compared to the doc: low, med, high</description>
          <rangeTypeName>uima.cas.String</rangeTypeName>
        </featureDescription>
         <featureDescription>
          <name>hasMFModal</name>
          <description>if the sentence includes the MF modal verb</description>
          <rangeTypeName>uima.cas.Boolean</rangeTypeName>
        </featureDescription>
      </features>
    </typeDescription>
  </types>
</typeSystemDescription>