<?xml version="1.0" encoding="UTF-8"?>
<typeSystemDescription xmlns="http://uima.apache.org/resourceSpecifier">
  <name>DocxSentence</name>
  <description/>
  <version>1.0</version>
  <vendor/>
  <types>
    <typeDescription>
      <name>lu.svv.saa.requirements.autofinding.type.DocxSentence</name>
      <description/>
      <supertypeName>uima.tcas.Annotation</supertypeName>
      <features>
        <featureDescription>
          <name>text</name>
          <description>text of the sentence</description>
          <rangeTypeName>uima.cas.String</rangeTypeName>
        </featureDescription>
        <featureDescription>
          <name>elementType</name>
          <description>type of element: paragraph, table, picture, etc.</description>
          <rangeTypeName>uima.cas.String</rangeTypeName>
        </featureDescription>
        <featureDescription>
          <name>fontName</name>
          <description>font name of the sentence</description>
          <rangeTypeName>uima.cas.String</rangeTypeName>
        </featureDescription>
        <featureDescription>
          <name>fontSize</name>
          <description>font size of the sentence</description>
          <rangeTypeName>uima.cas.Integer</rangeTypeName>
        </featureDescription>
        <featureDescription>
          <name>isItalic</name>
          <description>is italic of the sentence</description>
          <rangeTypeName>uima.cas.Boolean</rangeTypeName>
        </featureDescription>
        <featureDescription>
          <name>isBold</name>
          <description>is bold of the sentence</description>
          <rangeTypeName>uima.cas.Boolean</rangeTypeName>
        </featureDescription>
      </features>
    </typeDescription>
  </types>
</typeSystemDescription>