<?xml version="1.0" encoding="UTF-8"?>
<typeSystemDescription xmlns="http://uima.apache.org/resourceSpecifier">
  <name>EnumeratedList</name>
  <description/>
  <version>1.0</version>
  <vendor/>
  <imports>
    <import name="desc.type.DocxSentence"/>
  </imports>
  <types>
    <typeDescription>
      <name>lu.svv.saa.requirements.autofinding.type.EnumeratedList</name>
      <description/>
      <supertypeName>uima.tcas.Annotation</supertypeName>
      <features>
        <featureDescription>
          <name>parent</name>
          <description>the parent (root) of the list</description>
          <rangeTypeName>lu.svv.saa.requirements.autofinding.type.DocxSentence</rangeTypeName>
        </featureDescription>
      </features>
    </typeDescription>
  </types>
</typeSystemDescription>