<?xml version="1.0" encoding="UTF-8"?>
<typeSystemDescription xmlns="http://uima.apache.org/resourceSpecifier">
  <name>IdPattern</name>
  <description/>
  <version>1.0</version>
  <vendor/>
  <types>
    <typeDescription>
      <name>lu.svv.saa.requirements.autofinding.type.IdPatternMetadata</name>
      <description/>
      <supertypeName>uima.tcas.Annotation</supertypeName>
      <features>
        <featureDescription>
          <name>MFIdPattern</name>
          <description>the MF id pattern in the document</description>
          <rangeTypeName>uima.cas.String</rangeTypeName>
        </featureDescription>
         <featureDescription>
          <name>MFIdPatternFrequency</name>
          <description>the frequency of the most frequent id pattern in the document</description>
          <rangeTypeName>uima.cas.Long</rangeTypeName>
        </featureDescription>
        <featureDescription>
          <name>MFIdPatternPct</name>
          <description>the MF font type in the document</description>
          <rangeTypeName>uima.cas.Double</rangeTypeName>
        </featureDescription>
        <featureDescription>
          <name>minimumFrequency</name>
          <description>the minimum frequency of an id in the document</description>
          <rangeTypeName>uima.cas.Long</rangeTypeName>
        </featureDescription>
        <featureDescription>
          <name>totalIdPatterns</name>
          <description>the total number of id patterns in the document</description>
          <rangeTypeName>uima.cas.Integer</rangeTypeName>
        </featureDescription>
      </features>
    </typeDescription>
  </types>
</typeSystemDescription>