<?xml version="1.0" encoding="UTF-8"?>
<typeSystemDescription xmlns="http://uima.apache.org/resourceSpecifier">
  <name>LexicalFeatures</name>
  <description/>
  <version>1.0</version>
  <vendor/>
  <types>
    <typeDescription>
      <name>lu.svv.saa.requirements.autofinding.type.LexicalFeatures</name>
      <description/>
      <supertypeName>uima.tcas.Annotation</supertypeName>
      <features>
      	<featureDescription>
          <name>numOneLetterTokens</name>
          <description>number of One-Letter-tokens other than punctuation in the statement</description>
          <rangeTypeName>uima.cas.Integer</rangeTypeName>
        </featureDescription>
        <featureDescription>
          <name>numTokens</name>
          <description>number of tokens in the statement</description>
          <rangeTypeName>uima.cas.Integer</rangeTypeName>
        </featureDescription>
        <featureDescription>
          <name>numAlphabetics</name>
          <description>number of alphabetic words in the statement</description>
          <rangeTypeName>uima.cas.Integer</rangeTypeName>
        </featureDescription>
        <featureDescription>
          <name>startsWithIdLike</name>
          <description>If the statement starts with an ID like pattern</description>
          <rangeTypeName>uima.cas.Boolean</rangeTypeName>
        </featureDescription>
        <featureDescription>
          <name>idPattern</name>
          <description>The pattern of the id</description>
          <rangeTypeName>uima.cas.String</rangeTypeName>
        </featureDescription>
        <featureDescription>
          <name>idFrequencyCategory</name>
          <description>the category of frequency for this id-like-pattern: high, med, low</description>
          <rangeTypeName>uima.cas.String</rangeTypeName>
        </featureDescription>
        <featureDescription>
          <name>isPartOfList</name>
          <description>If the statement is a part of an enumerated list</description>
          <rangeTypeName>uima.cas.Boolean</rangeTypeName>
        </featureDescription>
        <featureDescription>
          <name>isHeaderOfList</name>
          <description>If the statement is annotated as a header of the list</description>
          <rangeTypeName>uima.cas.Boolean</rangeTypeName>
        </featureDescription>
        <featureDescription>
          <name>listId</name>
          <description>the id of the enumerated list (e.g. begin offset)</description>
          <rangeTypeName>uima.cas.Integer</rangeTypeName>
        </featureDescription>
        <featureDescription>
          <name>textSegmentId</name>
          <description>The id of the text segment to capture neighbor sentences (e.g. begin offset)</description>
          <rangeTypeName>uima.cas.Integer</rangeTypeName>
        </featureDescription>
        <featureDescription>
          <name>startsWithTrigger</name>
          <description>starts with a trigger word in its title: requirement, comment, rationale, note </description>
          <rangeTypeName>uima.cas.Boolean</rangeTypeName>
        </featureDescription>
        <featureDescription>
          <name>hasVagueWords</name>
          <description>has a vague word as in the ambiguity handbook</description>
          <rangeTypeName>uima.cas.Boolean</rangeTypeName>
        </featureDescription>
        <featureDescription>
          <name>hasUnits</name>
          <description>has units, mainly the SI basic units</description>
          <rangeTypeName>uima.cas.Boolean</rangeTypeName>
        </featureDescription>
      </features>
    </typeDescription>
  </types>
</typeSystemDescription>