<?xml version="1.0" encoding="UTF-8"?>
<typeSystemDescription xmlns="http://uima.apache.org/resourceSpecifier">
  <name>RequirementStatement</name>
  <description/>
  <version>1.0</version>
  <vendor/>
  <types>
    <typeDescription>
      <name>lu.svv.saa.requirements.autofinding.type.RequirementStatement</name>
      <description/>
      <supertypeName>uima.tcas.Annotation</supertypeName>
      <features>
        <featureDescription>
          <name>id</name>
          <description>Statement's ID if it has any</description>
          <rangeTypeName>uima.cas.String</rangeTypeName>
        </featureDescription>
        <featureDescription>
          <name>idBegin</name>
          <description>Statement's ID beginning if it has any</description>
          <rangeTypeName>uima.cas.Integer</rangeTypeName>
        </featureDescription>
       <featureDescription>
          <name>idEnd</name>
          <description>Statement's ID end if it has any</description>
          <rangeTypeName>uima.cas.Integer</rangeTypeName>
        </featureDescription>
        <featureDescription>
          <name>title</name>
          <description>Title of the Statement if there is any</description>
          <rangeTypeName>uima.cas.String</rangeTypeName>
        </featureDescription>
        <featureDescription>
          <name>titleBegin</name>
          <description>Statement's title beginning if it has any</description>
          <rangeTypeName>uima.cas.Integer</rangeTypeName>
        </featureDescription>
       <featureDescription>
          <name>titleEnd</name>
          <description>Statement's title end if it has any</description>
          <rangeTypeName>uima.cas.Integer</rangeTypeName>
        </featureDescription>
        <featureDescription>
          <name>text</name>
          <description>The Statement's text</description>
          <rangeTypeName>uima.cas.String</rangeTypeName>
        </featureDescription>
        <featureDescription>
          <name>textBegin</name>
          <description>Statement's text beginning if it has any</description>
          <rangeTypeName>uima.cas.Integer</rangeTypeName>
        </featureDescription>
       <featureDescription>
          <name>textEnd</name>
          <description>Statement's text end if it has any</description>
          <rangeTypeName>uima.cas.Integer</rangeTypeName>
        </featureDescription>
      </features>
    </typeDescription>
  </types>
</typeSystemDescription>