<?xml version="1.0" encoding="UTF-8"?>
<typeSystemDescription xmlns="http://uima.apache.org/resourceSpecifier">
  <name>RequirementCandidate</name>
  <description/>
  <version>1.0</version>
  <vendor/>
  <imports>
    <import name="desc.type.RequirementStatement"/>
    <import name="desc.type.LexicalFeatures"/>
    <import name="desc.type.SyntacticalFeatures"/>
    <import name="desc.type.SemanticalFeatures"/>
    <import name="desc.type.DiscourseFeatures"/>
  </imports>
  <types>
    <typeDescription>
      <name>lu.svv.saa.requirements.autofinding.type.RequirementCandidate</name>
      <description/>
      <supertypeName>uima.tcas.Annotation</supertypeName>
      <features>
      	<featureDescription>
          <name>ID</name>
          <description>The requirement ID: DocAbb-OderedNumbering </description>
          <rangeTypeName>uima.cas.String</rangeTypeName>
        </featureDescription>
        <featureDescription>
          <name>requirement</name>
          <description>The different parts of a requirement</description>
          <rangeTypeName>lu.svv.saa.requirements.autofinding.type.RequirementStatement</rangeTypeName>
        </featureDescription>
        <featureDescription>
          <name>lexFeatures</name>
          <description>The lexical features of the statement</description>
          <rangeTypeName>lu.svv.saa.requirements.autofinding.type.LexicalFeatures</rangeTypeName>
        </featureDescription>
        <featureDescription>
          <name>synFeatures</name>
          <description>The syntactical features of the statement</description>
          <rangeTypeName>lu.svv.saa.requirements.autofinding.type.SyntacticalFeatures</rangeTypeName>
        </featureDescription>
        <featureDescription>
          <name>semFeatures</name>
          <description>The semantical features of the statement</description>
          <rangeTypeName>lu.svv.saa.requirements.autofinding.type.SemanticalFeatures</rangeTypeName>
        </featureDescription>
        <featureDescription>
          <name>discourseFeatures</name>
          <description>The frequency related features against the discourse</description>
          <rangeTypeName>lu.svv.saa.requirements.autofinding.type.DiscourseFeatures</rangeTypeName>
        </featureDescription>
        <featureDescription>
          <name>isRequirement</name>
          <description>if the candidate is a requirement</description>
          <rangeTypeName>uima.cas.Boolean</rangeTypeName>
        </featureDescription>
        <featureDescription>
          <name>confidence</name>
          <description>the confidence of a statement being a requirement</description>
          <rangeTypeName>uima.cas.Double</rangeTypeName>
        </featureDescription>
      </features>
    </typeDescription>
    
  </types>
</typeSystemDescription>