<?xml version="1.0" encoding="UTF-8"?>
<typeSystemDescription xmlns="http://uima.apache.org/resourceSpecifier">
  <name>SentenceType</name>
  <description/>
  <version>1.0</version>
  <vendor/>
  <types>
    <typeDescription>
      <name>lu.svv.saa.requirements.autofinding.type.SentenceType</name>
      <description/>
      <supertypeName>uima.tcas.Annotation</supertypeName>
      <features>
        <featureDescription>
          <name>isSimple</name>
          <description>has only one independent clause</description>
          <rangeTypeName>uima.cas.Boolean</rangeTypeName>
        </featureDescription>
        <featureDescription>
          <name>isComplex</name>
          <description>has more than one independent clauses</description>
          <rangeTypeName>uima.cas.Boolean</rangeTypeName>
        </featureDescription>
        <featureDescription>
          <name>isCompound</name>
          <description>has one or more dependent clauses</description>
          <rangeTypeName>uima.cas.Boolean</rangeTypeName>
        </featureDescription>
        <featureDescription>
          <name>independentClauses</name>
          <description>the list of independent clauses the sentence has</description>
          <rangeTypeName>uima.cas.StringList</rangeTypeName>
        </featureDescription>
  		<featureDescription>
          <name>dependentClauses</name>
          <description>the list of dependent clauses the sentence has</description>
          <rangeTypeName>uima.cas.StringList</rangeTypeName>
        </featureDescription>
      </features>
    </typeDescription>
  </types>
</typeSystemDescription>