<?xml version="1.0" encoding="UTF-8"?>
<typeSystemDescription xmlns="http://uima.apache.org/resourceSpecifier">
  <name>SyntacticalFeatures</name>
  <description/>
  <version>1.0</version>
  <vendor/>
  <types>
    <typeDescription>
      <name>lu.svv.saa.requirements.autofinding.type.SyntacticalFeatures</name>
      <description/>
      <supertypeName>uima.tcas.Annotation</supertypeName>
      <features>
      	<featureDescription>
          <name>sentenceType</name>
          <description>The type of the sentence</description>
          <rangeTypeName>lu.svv.saa.requirements.autofinding.type.SentenceType</rangeTypeName>
        </featureDescription>
        <featureDescription>
          <name>hasVerb</name>
          <description>If the sentence has verb in it</description>
          <rangeTypeName>uima.cas.Boolean</rangeTypeName>
        </featureDescription>
        <featureDescription>
          <name>startsWithVerb</name>
          <description>if the sentence starts with a verb</description>
          <rangeTypeName>uima.cas.Boolean</rangeTypeName>
        </featureDescription>
        <featureDescription>
          <name>startsWithPronoun</name>
          <description>If the sentence starts with a noun</description>
          <rangeTypeName>uima.cas.Boolean</rangeTypeName>
        </featureDescription>
        <featureDescription>
          <name>startsWithDTVB</name>
          <description>If the sentence starts with definite article followed by verb like: "This is"</description>
          <rangeTypeName>uima.cas.Boolean</rangeTypeName>
        </featureDescription>
        <featureDescription>
          <name>hasModal</name>
          <description>if the sentence has a modal verb</description>
          <rangeTypeName>uima.cas.Boolean</rangeTypeName>
        </featureDescription>
  		<featureDescription>
          <name>whichModals</name>
          <description>Array of all modal verbs in the sentence</description>
          <rangeTypeName>uima.cas.String</rangeTypeName>
		</featureDescription>
        <featureDescription>
          <name>hasNPmodalVP</name>
          <description>if the sentence has consecutive NP + modal VP pattern</description>
          <rangeTypeName>uima.cas.Boolean</rangeTypeName>
        </featureDescription>
        <featureDescription>
          <name>isConditional</name>
          <description>has a conditional phrase</description>
          <rangeTypeName>uima.cas.Boolean</rangeTypeName>
        </featureDescription>
        <featureDescription>
          <name>hasPassive</name>
          <description>has passive voice</description>
          <rangeTypeName>uima.cas.Boolean</rangeTypeName>
        </featureDescription>
        <featureDescription>
          <name>isPresentTense</name>
          <description>the main verb is in present tense</description>
          <rangeTypeName>uima.cas.Boolean</rangeTypeName>
        </featureDescription>
        <featureDescription>
          <name>hasVerbToBeAdj</name>
          <description>If the sentence contains a verb to be followed by an adjective</description>
          <rangeTypeName>uima.cas.Boolean</rangeTypeName>
        </featureDescription>
      </features>
    </typeDescription>
  </types>
</typeSystemDescription>